{"cameraMode":{"drawMode":0,"name":"Shaded","section":"Shading Mode"},"sceneLighting":false,"audioPlay":false,"sceneViewState":{"showFog":false,"showMaterialUpdate":false,"showSkybox":false,"showFlares":false,"showImageEffects":false,"showParticleSystems":false},"in2DMode":false,"pivot":{"x":0.10875657945871353,"y":-0.09623130410909653,"z":-4.732408046722412},"rotation":{"x":0.3685610294342041,"y":-0.26404038071632388,"z":0.11002232879400253,"w":0.8845002055168152},"size":13.79797649383545,"orthographic":false}