{"cameraMode":{"drawMode":0,"name":"Shaded","section":"Shading Mode"},"sceneLighting":false,"audioPlay":false,"sceneViewState":{"showFog":false,"showMaterialUpdate":false,"showSkybox":false,"showFlares":false,"showImageEffects":false,"showParticleSystems":false},"in2DMode":false,"pivot":{"x":13.08388614654541,"y":0.10615302622318268,"z":-2.6839327812194826},"rotation":{"x":-0.11161881685256958,"y":0.07980792224407196,"z":-0.009022706188261509,"w":-0.9905001521110535},"size":34.49355697631836,"orthographic":false}