{"cameraMode":{"drawMode":0,"name":"Shaded","section":"Shading Mode"},"sceneLighting":false,"audioPlay":false,"sceneViewState":{"showFog":false,"showMaterialUpdate":false,"showSkybox":false,"showFlares":false,"showImageEffects":false,"showParticleSystems":false},"in2DMode":false,"pivot":{"x":5.880371570587158,"y":1.5963855981826783,"z":2.610107421875},"rotation":{"x":0.09914398193359375,"y":-0.006564615294337273,"z":0.0006537653971463442,"w":0.9950512647628784},"size":12.231447219848633,"orthographic":false}